{
  "pool": {
    "tokenA": 618.75,
    "tokenB": 511.50313721924164,
    "K": 316492.56615440577
  },
  "userBalance": {
    "tokenA": 881.25,
    "tokenB": 988.4968627807584
  }
}